Player Name,Market,1+ Shots on Target,2+ Shots on Target,3+ Shots on Target,4+ Shots on Target,1+ Shots,2+ Shots,3+ Shots,4+ Shots,5+ Shots,6+ Shots,7+ Shots,8+ Shots,1+ Fouls,2+ Fouls,3+ Fouls,4+ Fouls,5+ Fouls,1+ Tackles,2+ Tackles,3+ Tackles,4+ Tackles,5+ Tackles
Heung-Min Son,Shots on Target,1.4,2.75,8.0,21.0,,,,,,,,,,,,,,,,,,
Patrik Schick,Shots on Target,1.4,3.0,8.0,21.0,,,,,,,,,,,,,,,,,,
Hyeon-Gyu Oh,Shots on Target,1.53,3.5,11.0,,,,,,,,,,,,,,,,,,,
Jan Kuchta,Shots on Target,1.57,3.75,13.0,,,,,,,,,,,,,,,,,,,
Gue-Sung Cho,Shots on Target,1.66,4.33,15.0,,,,,,,,,,,,,,,,,,,
Hee-Chan Hwang,Shots on Target,1.66,4.33,15.0,,,,,,,,,,,,,,,,,,,
Mojmir Chytil,Shots on Target,1.66,4.33,15.0,,,,,,,,,,,,,,,,,,,
Tomas Chory,Shots on Target,1.66,4.33,15.0,,,,,,,,,,,,,,,,,,,
Kang-In Lee,Shots on Target,1.8,5.0,17.0,,,,,,,,,,,,,,,,,,,
Adam Hlozek,Shots on Target,1.83,5.5,19.0,,,,,,,,,,,,,,,,,,,
Jae-Sung Lee,Shots on Target,1.83,5.5,19.0,,,,,,,,,,,,,,,,,,,
Jun-ho Bae,Shots on Target,2.0,6.5,21.0,,,,,,,,,,,,,,,,,,,
Lukas Provod,Shots on Target,2.1,7.0,21.0,,,,,,,,,,,,,,,,,,,
Pavel Sulc,Shots on Target,2.1,7.0,21.0,,,,,,,,,,,,,,,,,,,
Vladimir Darida,Shots on Target,2.1,7.0,21.0,,,,,,,,,,,,,,,,,,,
Denis Visinsky,Shots on Target,2.25,9.0,,,,,,,,,,,,,,,,,,,,
Hugo Sochurek,Shots on Target,2.25,9.0,,,,,,,,,,,,,,,,,,,,
Ji-sung Eom,Shots on Target,2.25,9.0,,,,,,,,,,,,,,,,,,,,
Tomas Soucek,Shots on Target,2.25,9.0,,,,,,,,,,,,,,,,,,,,
Jin-Seob Park,Shots on Target,2.5,10.0,,,,,,,,,,,,,,,,,,,,
Seung-Ho Paik,Shots on Target,2.5,10.0,,,,,,,,,,,,,,,,,,,,
Dong-Gyeong Lee,Shots on Target,2.62,11.0,,,,,,,,,,,,,,,,,,,,
David Doudera,Shots on Target,3.0,13.0,,,,,,,,,,,,,,,,,,,,
Hyun-Jun Yang,Shots on Target,3.0,13.0,,,,,,,,,,,,,,,,,,,,
In-Beom Hwang,Shots on Target,3.0,15.0,,,,,,,,,,,,,,,,,,,,
Jens Castrop,Shots on Target,3.0,13.0,,,,,,,,,,,,,,,,,,,,
Jin-gyu Kim,Shots on Target,3.0,13.0,,,,,,,,,,,,,,,,,,,,
Ladislav Krejci,Shots on Target,3.0,15.0,,,,,,,,,,,,,,,,,,,,
Lukas Cerv,Shots on Target,3.25,17.0,,,,,,,,,,,,,,,,,,,,
Ki-Hyuk Lee,Shots on Target,3.5,19.0,,,,,,,,,,,,,,,,,,,,
Alexandr Sojka,Shots on Target,3.75,21.0,,,,,,,,,,,,,,,,,,,,
Michal Sadilek,Shots on Target,3.75,21.0,,,,,,,,,,,,,,,,,,,,
Tae-seok Lee,Shots on Target,3.75,21.0,,,,,,,,,,,,,,,,,,,,
Min-Jae Kim,Shots on Target,4.33,21.0,,,,,,,,,,,,,,,,,,,,
Young-Woo Seol,Shots on Target,4.33,21.0,,,,,,,,,,,,,,,,,,,,
Stepan Chaloupek,Shots on Target,5.0,,,,,,,,,,,,,,,,,,,,,
David Jurasek,Shots on Target,6.0,,,,,,,,,,,,,,,,,,,,,
David Zima,Shots on Target,6.0,,,,,,,,,,,,,,,,,,,,,
Han-beom Lee,Shots on Target,6.0,,,,,,,,,,,,,,,,,,,,,
Jaroslav Zeleny,Shots on Target,6.0,,,,,,,,,,,,,,,,,,,,,
Moon-Hwan Kim,Shots on Target,6.0,,,,,,,,,,,,,,,,,,,,,
Robin Hranac,Shots on Target,6.0,,,,,,,,,,,,,,,,,,,,,
Tae-Hyeon Kim,Shots on Target,6.0,,,,,,,,,,,,,,,,,,,,,
Tomas Holes,Shots on Target,6.0,,,,,,,,,,,,,,,,,,,,,
Vladimir Coufal,Shots on Target,6.0,,,,,,,,,,,,,,,,,,,,,
Wi-Ji Cho,Shots on Target,6.0,,,,,,,,,,,,,,,,,,,,,
Heung-Min Son,Total Shots,,,,,1.03,1.18,1.57,2.37,4.0,7.0,15.0,21.0,,,,,,,,,,
Patrik Schick,Total Shots,,,,,1.03,1.18,1.57,2.37,4.0,7.0,15.0,21.0,,,,,,,,,,
Hyeon-Gyu Oh,Total Shots,,,,,1.062,1.33,1.9,3.4,6.0,13.0,21.0,,,,,,,,,,,
Jan Kuchta,Total Shots,,,,,1.071,1.4,2.1,3.75,7.0,15.0,,,,,,,,,,,,
Kang-In Lee,Total Shots,,,,,1.083,1.4,2.2,4.0,8.0,17.0,,,,,,,,,,,,
Gue-Sung Cho,Total Shots,,,,,1.1,1.44,2.25,4.0,9.0,17.0,,,,,,,,,,,,
Hee-Chan Hwang,Total Shots,,,,,1.1,1.44,2.25,4.0,9.0,17.0,,,,,,,,,,,,
Mojmir Chytil,Total Shots,,,,,1.1,1.44,2.25,4.0,9.0,17.0,,,,,,,,,,,,
Tomas Chory,Total Shots,,,,,1.1,1.44,2.25,4.0,9.0,17.0,,,,,,,,,,,,
Adam Hlozek,Total Shots,,,,,1.14,1.61,2.75,5.5,13.0,21.0,,,,,,,,,,,,
Jae-Sung Lee,Total Shots,,,,,1.14,1.61,2.75,5.5,13.0,21.0,,,,,,,,,,,,
Lukas Provod,Total Shots,,,,,1.14,1.61,2.75,5.5,13.0,21.0,,,,,,,,,,,,
Pavel Sulc,Total Shots,,,,,1.14,1.66,3.0,6.0,13.0,21.0,,,,,,,,,,,,
Jun-ho Bae,Total Shots,,,,,1.18,1.8,3.4,7.0,15.0,,,,,,,,,,,,,
Vladimir Darida,Total Shots,,,,,1.2,1.83,3.75,8.0,19.0,,,,,,,,,,,,,
Dong-Gyeong Lee,Total Shots,,,,,1.22,1.9,3.75,9.0,19.0,,,,,,,,,,,,,
Tomas Soucek,Total Shots,,,,,1.22,1.9,3.75,9.0,19.0,,,,,,,,,,,,,
Denis Visinsky,Total Shots,,,,,1.25,2.1,4.33,10.0,21.0,,,,,,,,,,,,,
Hugo Sochurek,Total Shots,,,,,1.25,2.1,4.33,10.0,21.0,,,,,,,,,,,,,
Ji-sung Eom,Total Shots,,,,,1.25,2.1,4.33,10.0,21.0,,,,,,,,,,,,,
In-Beom Hwang,Total Shots,,,,,1.33,2.37,5.5,13.0,,,,,,,,,,,,,,
Jin-Seob Park,Total Shots,,,,,1.33,2.37,5.5,13.0,,,,,,,,,,,,,,
Seung-Ho Paik,Total Shots,,,,,1.33,2.37,5.5,13.0,,,,,,,,,,,,,,
Lukas Cerv,Total Shots,,,,,1.4,2.75,6.5,17.0,,,,,,,,,,,,,,
David Doudera,Total Shots,,,,,1.44,3.0,7.0,19.0,,,,,,,,,,,,,,
Hyun-Jun Yang,Total Shots,,,,,1.44,3.0,7.0,19.0,,,,,,,,,,,,,,
Jens Castrop,Total Shots,,,,,1.44,3.0,7.0,19.0,,,,,,,,,,,,,,
Jin-gyu Kim,Total Shots,,,,,1.44,3.0,7.0,19.0,,,,,,,,,,,,,,
Stepan Chaloupek,Total Shots,,,,,1.61,3.75,11.0,21.0,,,,,,,,,,,,,,
Ladislav Krejci,Total Shots,,,,,1.61,3.75,11.0,21.0,,,,,,,,,,,,,,
Michal Sadilek,Total Shots,,,,,1.61,3.75,11.0,21.0,,,,,,,,,,,,,,
Ki-Hyuk Lee,Total Shots,,,,,1.72,4.33,13.0,,,,,,,,,,,,,,,
Tae-seok Lee,Total Shots,,,,,1.72,4.33,13.0,,,,,,,,,,,,,,,
Vladimir Coufal,Total Shots,,,,,1.72,4.33,13.0,,,,,,,,,,,,,,,
Alexandr Sojka,Total Shots,,,,,1.83,5.0,15.0,,,,,,,,,,,,,,,
Young-Woo Seol,Total Shots,,,,,1.83,5.0,15.0,,,,,,,,,,,,,,,
Min-Jae Kim,Total Shots,,,,,2.0,6.0,19.0,,,,,,,,,,,,,,,
David Jurasek,Total Shots,,,,,2.25,8.0,21.0,,,,,,,,,,,,,,,
David Zima,Total Shots,,,,,2.25,8.0,21.0,,,,,,,,,,,,,,,
Han-beom Lee,Total Shots,,,,,2.25,8.0,21.0,,,,,,,,,,,,,,,
Jaroslav Zeleny,Total Shots,,,,,2.25,8.0,21.0,,,,,,,,,,,,,,,
Tae-Hyeon Kim,Total Shots,,,,,2.25,8.0,21.0,,,,,,,,,,,,,,,
Tomas Holes,Total Shots,,,,,2.25,8.0,21.0,,,,,,,,,,,,,,,
Moon-Hwan Kim,Total Shots,,,,,2.5,9.0,,,,,,,,,,,,,,,,
Robin Hranac,Total Shots,,,,,2.5,9.0,,,,,,,,,,,,,,,,
Wi-Ji Cho,Total Shots,,,,,2.5,9.0,,,,,,,,,,,,,,,,
Denis Visinsky,Fouls Committed,,,,,,,,,,,,,1.14,1.72,3.25,6.5,15.0,,,,,
Hugo Sochurek,Fouls Committed,,,,,,,,,,,,,1.14,1.72,3.25,6.5,15.0,,,,,
Tomas Soucek,Fouls Committed,,,,,,,,,,,,,1.14,1.72,3.25,6.5,15.0,,,,,
Jens Castrop,Fouls Committed,,,,,,,,,,,,,1.18,1.83,3.5,8.0,19.0,,,,,
Ladislav Krejci,Fouls Committed,,,,,,,,,,,,,1.18,1.8,3.5,8.0,19.0,,,,,
Patrik Schick,Fouls Committed,,,,,,,,,,,,,1.2,1.9,4.0,10.0,21.0,,,,,
Alexandr Sojka,Fouls Committed,,,,,,,,,,,,,1.22,2.0,4.0,10.0,23.0,,,,,
Gue-Sung Cho,Fouls Committed,,,,,,,,,,,,,1.25,2.1,4.33,11.0,26.0,,,,,
Hee-Chan Hwang,Fouls Committed,,,,,,,,,,,,,1.25,2.2,4.5,11.0,26.0,,,,,
Pavel Sulc,Fouls Committed,,,,,,,,,,,,,1.25,2.1,4.33,11.0,26.0,,,,,
Tae-seok Lee,Fouls Committed,,,,,,,,,,,,,1.25,2.2,4.5,11.0,26.0,,,,,
Tomas Chory,Fouls Committed,,,,,,,,,,,,,1.25,2.1,4.33,11.0,26.0,,,,,
Han-beom Lee,Fouls Committed,,,,,,,,,,,,,1.3,2.37,5.5,15.0,,,,,,
Lukas Provod,Fouls Committed,,,,,,,,,,,,,1.3,2.25,5.5,13.0,,,,,,
Robin Hranac,Fouls Committed,,,,,,,,,,,,,1.3,2.37,5.5,15.0,,,,,,
Tomas Holes,Fouls Committed,,,,,,,,,,,,,1.3,2.25,5.5,13.0,,,,,,
Hyeon-Gyu Oh,Fouls Committed,,,,,,,,,,,,,1.33,2.62,6.0,17.0,,,,,,
Kang-In Lee,Fouls Committed,,,,,,,,,,,,,1.33,2.5,5.5,15.0,,,,,,
Ki-Hyuk Lee,Fouls Committed,,,,,,,,,,,,,1.33,2.5,6.0,15.0,,,,,,
David Zima,Fouls Committed,,,,,,,,,,,,,1.36,2.62,6.0,17.0,,,,,,
In-Beom Hwang,Fouls Committed,,,,,,,,,,,,,1.36,2.62,6.5,19.0,,,,,,
Jan Kuchta,Fouls Committed,,,,,,,,,,,,,1.36,2.62,6.0,17.0,,,,,,
Jin-Seob Park,Fouls Committed,,,,,,,,,,,,,1.36,2.62,6.5,19.0,,,,,,
Michal Sadilek,Fouls Committed,,,,,,,,,,,,,1.36,2.62,6.0,17.0,,,,,,
Min-Jae Kim,Fouls Committed,,,,,,,,,,,,,1.36,2.62,6.5,19.0,,,,,,
Stepan Chaloupek,Fouls Committed,,,,,,,,,,,,,1.36,2.62,6.0,17.0,,,,,,
Vladimir Coufal,Fouls Committed,,,,,,,,,,,,,1.36,2.62,6.0,17.0,,,,,,
David Doudera,Fouls Committed,,,,,,,,,,,,,1.44,3.0,8.0,21.0,,,,,,
Lukas Cerv,Fouls Committed,,,,,,,,,,,,,1.44,3.0,8.0,21.0,,,,,,
Vladimir Darida,Fouls Committed,,,,,,,,,,,,,1.44,3.0,8.0,21.0,,,,,,
Dong-Gyeong Lee,Fouls Committed,,,,,,,,,,,,,1.5,3.25,9.0,23.0,,,,,,
Hyun-Jun Yang,Fouls Committed,,,,,,,,,,,,,1.5,3.25,9.0,23.0,,,,,,
Jin-gyu Kim,Fouls Committed,,,,,,,,,,,,,1.5,3.25,9.0,23.0,,,,,,
Ji-sung Eom,Fouls Committed,,,,,,,,,,,,,1.5,3.25,9.0,23.0,,,,,,
Moon-Hwan Kim,Fouls Committed,,,,,,,,,,,,,1.5,3.25,9.0,23.0,,,,,,
Seung-Ho Paik,Fouls Committed,,,,,,,,,,,,,1.5,3.25,9.0,23.0,,,,,,
Tae-Hyeon Kim,Fouls Committed,,,,,,,,,,,,,1.5,3.25,9.0,23.0,,,,,,
Wi-Ji Cho,Fouls Committed,,,,,,,,,,,,,1.5,3.25,9.0,23.0,,,,,,
Jae-Sung Lee,Fouls Committed,,,,,,,,,,,,,1.53,3.4,10.0,26.0,,,,,,
Mojmir Chytil,Fouls Committed,,,,,,,,,,,,,1.53,3.4,10.0,26.0,,,,,,
Young-Woo Seol,Fouls Committed,,,,,,,,,,,,,1.61,4.0,11.0,,,,,,,
Adam Hlozek,Fouls Committed,,,,,,,,,,,,,1.66,4.0,13.0,,,,,,,
Jun-ho Bae,Fouls Committed,,,,,,,,,,,,,1.66,4.33,13.0,,,,,,,
David Jurasek,Fouls Committed,,,,,,,,,,,,,1.72,4.33,15.0,,,,,,,
Jaroslav Zeleny,Fouls Committed,,,,,,,,,,,,,1.72,4.33,15.0,,,,,,,
Heung-Min Son,Fouls Committed,,,,,,,,,,,,,2.75,11.0,,,,,,,,
Tae-seok Lee,Tackles,,,,,,,,,,,,,,,,,,1.083,1.44,2.25,4.33,7.5
Jens Castrop,Tackles,,,,,,,,,,,,,,,,,,1.1,1.5,2.5,4.5,8.0
Hugo Sochurek,Tackles,,,,,,,,,,,,,,,,,,1.11,1.53,2.62,4.5,8.5
Pavel Sulc,Tackles,,,,,,,,,,,,,,,,,,1.11,1.53,2.62,4.5,8.5
Vladimir Darida,Tackles,,,,,,,,,,,,,,,,,,1.11,1.53,2.62,4.5,8.5
Tomas Soucek,Tackles,,,,,,,,,,,,,,,,,,1.12,1.61,2.75,5.5,
Vladimir Coufal,Tackles,,,,,,,,,,,,,,,,,,1.12,1.61,2.75,5.5,
Alexandr Sojka,Tackles,,,,,,,,,,,,,,,,,,1.16,1.8,3.5,7.0,
Lukas Cerv,Tackles,,,,,,,,,,,,,,,,,,1.16,1.72,3.25,6.5,
In-Beom Hwang,Tackles,,,,,,,,,,,,,,,,,,1.2,1.83,3.75,7.5,
Jae-Sung Lee,Tackles,,,,,,,,,,,,,,,,,,1.2,1.9,3.75,7.5,
Michal Sadilek,Tackles,,,,,,,,,,,,,,,,,,1.2,1.83,3.75,7.5,
Stepan Chaloupek,Tackles,,,,,,,,,,,,,,,,,,1.2,1.83,3.75,7.5,
Tomas Holes,Tackles,,,,,,,,,,,,,,,,,,1.2,1.83,3.75,7.5,
Young-Woo Seol,Tackles,,,,,,,,,,,,,,,,,,1.2,1.9,3.75,7.5,
David Zima,Tackles,,,,,,,,,,,,,,,,,,1.22,2.0,4.33,8.0,
Han-beom Lee,Tackles,,,,,,,,,,,,,,,,,,1.22,2.0,4.0,8.0,
Jun-ho Bae,Tackles,,,,,,,,,,,,,,,,,,1.22,2.0,4.33,8.0,
Seung-Ho Paik,Tackles,,,,,,,,,,,,,,,,,,1.22,2.0,4.33,8.0,
Ki-Hyuk Lee,Tackles,,,,,,,,,,,,,,,,,,1.25,2.1,4.33,8.5,
Ladislav Krejci,Tackles,,,,,,,,,,,,,,,,,,1.25,2.1,4.33,8.5,
David Jurasek,Tackles,,,,,,,,,,,,,,,,,,1.28,2.25,4.5,,
Hyun-Jun Yang,Tackles,,,,,,,,,,,,,,,,,,1.28,2.2,4.5,,
Jaroslav Zeleny,Tackles,,,,,,,,,,,,,,,,,,1.28,2.25,4.5,,
Ji-sung Eom,Tackles,,,,,,,,,,,,,,,,,,1.28,2.2,4.5,,
Dong-Gyeong Lee,Tackles,,,,,,,,,,,,,,,,,,1.33,2.5,5.5,,
Jin-gyu Kim,Tackles,,,,,,,,,,,,,,,,,,1.33,2.5,5.5,,
Lukas Provod,Tackles,,,,,,,,,,,,,,,,,,1.33,2.5,5.5,,
Min-Jae Kim,Tackles,,,,,,,,,,,,,,,,,,1.33,2.5,5.5,,
Wi-Ji Cho,Tackles,,,,,,,,,,,,,,,,,,1.33,2.5,5.5,,
David Doudera,Tackles,,,,,,,,,,,,,,,,,,1.44,3.0,7.0,,
Denis Visinsky,Tackles,,,,,,,,,,,,,,,,,,1.44,3.0,7.0,,
Kang-In Lee,Tackles,,,,,,,,,,,,,,,,,,1.44,3.0,7.0,,
Jin-Seob Park,Tackles,,,,,,,,,,,,,,,,,,1.53,3.5,8.0,,
Mojmir Chytil,Tackles,,,,,,,,,,,,,,,,,,1.53,3.5,8.0,,
Robin Hranac,Tackles,,,,,,,,,,,,,,,,,,1.61,3.75,8.5,,
Tae-Hyeon Kim,Tackles,,,,,,,,,,,,,,,,,,1.61,3.75,8.5,,
Adam Hlozek,Tackles,,,,,,,,,,,,,,,,,,1.66,4.0,,,
Moon-Hwan Kim,Tackles,,,,,,,,,,,,,,,,,,1.66,4.33,,,
Tomas Chory,Tackles,,,,,,,,,,,,,,,,,,1.83,5.0,,,
Gue-Sung Cho,Tackles,,,,,,,,,,,,,,,,,,2.0,5.5,,,
Hee-Chan Hwang,Tackles,,,,,,,,,,,,,,,,,,2.0,5.5,,,
Jan Kuchta,Tackles,,,,,,,,,,,,,,,,,,2.0,5.5,,,
Hyeon-Gyu Oh,Tackles,,,,,,,,,,,,,,,,,,2.1,6.5,,,
Patrik Schick,Tackles,,,,,,,,,,,,,,,,,,2.2,6.5,,,
Heung-Min Son,Tackles,,,,,,,,,,,,,,,,,,2.37,7.0,,,
